id,url,post_content,tags,post_type,generated_time,scheduled_time,posted,posted_time,tumblr_post_id
post_20250526_123914_001,https://www.beacleaner.com/how-to-clean-glass-balcony,"Okay, here's a Tumblr post draft based on the provided guidelines and the article link. It aims for a friendly, relatable tone and focuses on the value of a clean balcony space:

---

Anyone else feel like their balcony is‚Ä¶ a forgotten zone? Like, you *intend* to chill out there with a book and a drink, but then you remember the bird poop and dust and just‚Ä¶ don‚Äôt? üòÖ Seriously, it‚Äôs such a wasted space when it‚Äôs grimy!

I was feeling that exact way last week, and then stumbled across this really helpful article about cleaning glass balcony railings. It‚Äôs way more straightforward than I thought it would be! Apparently, the key is all about the right tools and a little bit of elbow grease (shocking, I know). They break down everything from getting rid of stubborn grime to preventing water spots, and even talk about safety.

The biggest takeaway for me was learning about using a microfiber cloth and the importance of a good squeegee. Seriously, a squeegee! Who knew? It makes a *huge* difference in streak-free results. Plus, they have tips for dealing with different types of dirt, which is super practical. 

Now I‚Äôm actually looking forward to having a sparkling clean balcony this weekend. What are *your* biggest cleaning struggles? Any balcony cleaning tips you swear by? Let me know! üëá

[https://www.beacleaner.com/how-to-clean-glass-balcony](https://www.beacleaner.com/how-to-clean-glass-balcony)

---

**Suggested Tags (to add separately on Tumblr):**

#cleaning #balcony #homeimprovement #springcleaning #organization #declutter #home #tipsandtricks #cleaningtips #glasscleaning #outdoorliving #smallspaceliving #weekendproject #cleanhome



**Notes:**

*   I","beacleaner,clean,glass,balcony",text,2025-05-26 12:39:14,2025-05-26 13:09:14,False,,
post_20250526_123914_002,https://www.beacleaner.com/how-to-clean-grease-off-frosted-glass,"Okay, here's a Tumblr post draft based on your guidelines, ready to copy & paste:

---

Anyone else have that one frosted glass shower door that *always* looks‚Ä¶sad? Like, no matter how much you spray, it just stays coated in a film? I feel seen. It took me way too long to realize that regular shower cleaner wasn‚Äôt cutting it ‚Äì it was grease buildup from hair products and just‚Ä¶life. 

I stumbled across a really helpful article that explained *why* frosted glass is so tricky (all those tiny textures trap everything!) and, more importantly, *how* to actually get it clean. Apparently, warm water and dish soap are your friends, but a little baking soda paste can work wonders on stubborn spots. And the biggest takeaway? Gentle scrubbing is key ‚Äì you don‚Äôt want to damage the frosting!

Seriously, the article breaks down a few different methods depending on how bad the grease is, and it‚Äôs super straightforward. It even talks about preventing the buildup in the first place, which is honestly the dream. I‚Äôm already planning my next cleaning session armed with this knowledge.

Anyone else battling the frosted glass struggle? What are *your* go-to cleaning tips for tricky surfaces? Let me know! üëá

[https://www.beacleaner.com/how-to-clean-grease-off-frosted-glass](https://www.beacleaner.com/how-to-clean-grease-off-frosted-glass)

---

**Suggested Tags (to add separately on Tumblr):**

#cleaning #cleaningtips #homecleaning #frostedglass #showercleaning #bathroomcleaning #cleaninghacks #lifehacks #organization #homeimprovement #declutter #grease #cleaningmotivation #helpfularticle



**Notes:**

*   I aimed for a conversational tone, like you're sharing a solution you found with a friend","beacleaner,clean,grease,frosted,glass",text,2025-05-26 12:39:14,2025-05-26 16:39:14,False,,
post_20250526_123914_003,https://www.beacleaner.com/how-to-clean-greasy-kitchen-windows,"Okay, here's a Tumblr post draft based on your guidelines, ready to copy & paste:

---

Anyone else feel like their kitchen windows are just‚Ä¶ magnets for grease? Seriously, I cook a few meals and suddenly it looks like someone smeared Vaseline all over the glass. It‚Äôs SO frustrating, especially when you‚Äôre trying to enjoy a sunny morning with your coffee.

I spent way too long scrubbing at mine last week before realizing I was probably doing it all wrong. Luckily, I stumbled across this article with some *really* helpful tips. Apparently, warm water and dish soap are your friends, but there‚Äôs a specific order and a few little tricks (like using vinegar!) that make a HUGE difference. It also breaks down how to tackle really stubborn, baked-on grease without damaging your windows.

The biggest takeaway for me was learning *not* to just spray and wipe. Letting the soapy water sit for a bit really loosens everything up, and using the right kind of cloth (microfiber is key!) prevents streaks. Honestly, it feels like a small change that makes a massive impact.

Seriously, if you're battling greasy kitchen windows, give this a read. It saved my sanity (and my view!). What are *your* biggest kitchen cleaning struggles? Let me know ‚Äì maybe we can troubleshoot together!

[https://www.beacleaner.com/how-to-clean-greasy-kitchen-windows](https://www.beacleaner.com/how-to-clean-greasy-kitchen-windows)

---

**Suggested Tags (to add separately on Tumblr):** #cleaning #kitchencleaning #homecleaning #cleaningtips #grease #windows #homehacks #cleaninghacks #lifehacks #organization #domesticlife #helpful #recommendation #cleaningmotivation



","beacleaner,clean,greasy,kitchen,windows",text,2025-05-26 12:39:14,2025-05-26 19:39:14,False,,
post_20250526_123914_004,https://www.beacleaner.com/how-to-clean-gutters-black-streaks,"Okay, here's a Tumblr post draft based on the provided URL and guidelines:

---

Anyone else notice those‚Ä¶*sad* looking black streaks on their gutters? Seriously, they just appear out of nowhere and make the whole house look kinda neglected, right? I used to think it was just dirt, but turns out it‚Äôs a bit more complicated than that. 

I was doing some digging (because honestly, I was avoiding actually *cleaning* them) and found a really helpful article explaining what causes those streaks ‚Äì it‚Äôs usually algae and bacteria growth, especially if you‚Äôre near trees or have a lot of shade. The article breaks down how to safely get rid of it, and it's not as scary as I thought! Apparently, a good scrub with the right cleaning solution (and definitely prioritizing safety!) is all it takes.

The biggest takeaway for me was learning *why* it happens, so I can actually prevent it from coming back so quickly. They talk about things like trimming trees and even gutter guards. It‚Äôs a pretty thorough guide, covering everything from tools you‚Äôll need to different cleaning methods. 

Honestly, reading this has actually motivated me to tackle my gutters this weekend. Anyone else planning some spring cleaning? What are your biggest home maintenance dreads? Let me know! üëá

[https://www.beacleaner.com/how-to-clean-gutters-black-streaks](https://www.beacleaner.com/how-to-clean-gutters-black-streaks)

---

**Suggested Tags (to add separately on Tumblr):** #homeimprovement #cleaning #gutters #springcleaning #homemaintenance #diy #housecleaning #homeowner #cleaningtips #organization #adulting #lifehacks



**Notes on why this fits the guidelines:**

*   **Conversational & Authentic:** Uses ""I"" and relatable language (""sad looking","beacleaner,clean,gutters,black,streaks",text,2025-05-26 12:39:14,2025-05-26 22:39:14,False,,
post_20250526_123914_005,https://www.beacleaner.com/how-to-clean-gutters-on-steep-roof,"Okay, here's a Tumblr post draft based on the provided URL and guidelines:

---

Okay, real talk: does anyone else feel a little intimidated just *looking* at their gutters? Especially if you've got a steeper roof? I definitely do. It always feels like a job for a professional, but honestly, sometimes you just want to tackle things yourself, right?

I stumbled across a really helpful article breaking down how to safely clean gutters on a steep roof, and it actually made me feel a lot less stressed about the whole thing. It goes over everything from the right kind of ladder (seriously, *don't* skip that part!) to the best tools for scooping out all that gunk, and even how to avoid damaging your roof in the process. They really emphasize safety first, which is HUGE.

The biggest takeaway for me was learning about standoffs for your ladder and understanding how to distribute your weight properly. It's not just about being brave, it's about being smart! They also have a good section on recognizing when a job is *too* dangerous and when you should absolutely call in the pros.

So, if you're staring down a clogged gutter situation and a slightly scary roofline, give this a read. It might just give you the confidence (and knowledge!) to handle it. What's the most intimidating home maintenance task *you've* ever faced?

[https://www.beacleaner.com/how-to-clean-gutters-on-steep-roof](https://www.beacleaner.com/how-to-clean-gutters-on-steep-roof)

---

**Suggested Tags (to add separately on Tumblr):**

#homeimprovement #gutters #cleaning #diy #homeowner #maintenance #safety #steeproof #fallcleanup #homehacks #adulting #helpfularticle #recommendation



**","beacleaner,clean,gutters,steep,roof",text,2025-05-26 12:39:14,2025-05-27 01:39:14,False,,
post_20250526_123914_006,https://www.beacleaner.com/how-to-clean-gutters-over-pool-cage,"Okay, here's a Tumblr post draft based on the provided URL and guidelines. It aims for a friendly, conversational tone and focuses on the unique challenge of cleaning gutters *around* a pool cage:

---

Okay, real talk: does anyone else feel like maintaining a house is a full-time job? Especially when you add things like a pool cage into the mix! It looks amazing, keeps the leaves out of the pool‚Ä¶ but then *you* have to deal with all those leaves *on* the cage and, crucially, in the gutters around it. It's a whole different level of tricky.

I stumbled across a really helpful article today that breaks down exactly how to tackle cleaning gutters when you've got a pool cage situation going on. It's not just about the usual ladder safety (though that's covered!), but also about protecting the cage itself while you're working, and figuring out the best tools to reach everything without damaging anything. They really emphasize being careful with the screening and avoiding pressure washing directly on it.

Basically, it's a smart guide to getting the job done safely and efficiently, without turning your pool area into a bigger mess. They cover everything from prepping the area to actually removing the debris and flushing the system. It's way more detailed than just saying ""get a ladder!""

Seriously, if you're facing this particular home maintenance headache, give it a read. It saved me a lot of potential stress just *thinking* through the process. What are your biggest outdoor maintenance struggles? Let me know ‚Äì maybe we can all share tips!

[https://www.beacleaner.com/how-to-clean-gutters-over-pool-cage](https://www.beacleaner.com/how-to-clean-gutters-over-pool-cage)

---

**Suggested Tags (to add separately on Tumblr):**

#homeimprovement #gut","beacleaner,clean,gutters,over,pool",text,2025-05-26 12:39:14,2025-05-27 04:39:14,False,,
post_20250526_123914_007,https://www.beacleaner.com/how-to-clean-gutters-with-guards,"Okay, here's a Tumblr post draft based on the provided URL and guidelines:

---

Okay, real talk: is anyone *actually* excited about cleaning gutters? Probably not. It‚Äôs one of those homeowner things that just‚Ä¶exists, looming over your head. But ignoring them can lead to some seriously annoying (and expensive!) problems with your foundation and roof. 

I recently stumbled across a really helpful article about tackling this chore, *especially* if you have gutter guards. It breaks down how to clean them *with* the guards in place ‚Äì which is different than cleaning totally open gutters! Turns out, even with guards, stuff still builds up and you need to know the right way to remove it without damaging anything. They cover everything from tools you‚Äôll need to safety tips (super important!).

The biggest takeaway for me was learning about how to properly flush the guards *after* removing the bulk of the debris. Apparently, just scooping stuff out isn‚Äôt enough ‚Äì you need to get the water flowing freely again to prevent future clogs. It also gave me a better understanding of what kind of debris means my guards are working well, and what might signal I need to look at a different system.

Seriously, if you're putting off gutter cleaning, or just want to make sure you're doing it right (and safely!), give this a read. What are your biggest home maintenance dreads? Let me know in the replies ‚Äì misery loves company, right? üòâ

[https://www.beacleaner.com/how-to-clean-gutters-with-guards](https://www.beacleaner.com/how-to-clean-gutters-with-guards)

---

**Suggested Tags (to add separately on Tumblr):**

#homeimprovement #homeowner #gutters #cleaning #maintenance #diy #housecare #adulting #homehacks #springcleaning #fallcleaning","beacleaner,clean,gutters,with,guards",text,2025-05-26 12:39:14,2025-05-27 07:39:14,False,,
post_20250526_123914_008,https://www.beacleaner.com/how-to-clean-gutters-with-gutter-guards,"Okay, here's a Tumblr post draft based on the provided URL and guidelines:

---

Anyone else feel like fall cleanup is *always* more overwhelming than you remember? Seriously, one minute you're enjoying pumpkin spice everything, the next you're staring at a mountain of leaves and realizing your gutters are probably overflowing. üò¨

I used to dread gutter cleaning SO much. It felt dangerous and messy, and honestly, I kept putting it off until it was a real problem. But I recently stumbled across this article about cleaning gutters *with* gutter guards, and it totally changed my perspective. It breaks down how to actually do it safely (ladder safety is HUGE!), what tools you need, and how guards can seriously cut down on future maintenance.

The biggest takeaway for me was learning that even *with* guards, you still need to inspect and occasionally clean. It's not a ""set it and forget it"" situation, but it *does* make the job way less frequent and a lot easier. They also cover different types of guards and which ones might be best for your home. 

Honestly, reading this made me feel a lot more confident about tackling this chore. Anyone else thinking about getting gutter guards this year, or have any gutter cleaning tips to share? Let me know! üëá

[https://www.beacleaner.com/how-to-clean-gutters-with-gutter-guards](https://www.beacleaner.com/how-to-clean-gutters-with-gutter-guards)

---

**Suggested Tags (to add separately on Tumblr):** #homeimprovement #fallcleanup #gutters #gutterguards #homeowner #diy #cleaning #maintenance #fall #autumn #hometips #adulting #lifehacks



**Notes on why this fits the guidelines:**

*   **Conversational & Authentic:** Uses ""I"" and relatable language (""dread,"" ""","beacleaner,clean,gutters,with,gutter",text,2025-05-26 12:39:14,2025-05-27 10:39:14,False,,
post_20250526_123914_009,https://www.beacleaner.com/how-to-clean-gutters-with-leaf-blower,"Okay, here's a Tumblr post draft based on the provided guidelines and the linked article:

---

Okay, real talk: is anyone *actually* excited about cleaning gutters? Probably not. It‚Äôs one of those home maintenance things that just‚Ä¶ sits there, getting worse, until you absolutely *have* to deal with it. I always put it off way too long, honestly.

But I stumbled across a really helpful article that made me rethink my strategy. Apparently, you can actually use a leaf blower to get a lot of the debris out *before* you even get the ladder involved! It‚Äôs all about angling it right and working from the higher end of the gutter. 

The article breaks down exactly how to do it safely (super important!), what kind of leaf blower works best, and even talks about when it‚Äôs *not* a good idea to try this method. It‚Äôs way less intimidating than I thought, and could save a ton of time and back strain. Seriously, check it out if you're dreading the fall cleanup.

Anyone else a gutter-cleaning procrastinator? What‚Äôs your biggest home maintenance struggle? Let me know! üëá

[https://www.beacleaner.com/how-to-clean-gutters-with-leaf-blower](https://www.beacleaner.com/how-to-clean-gutters-with-leaf-blower)

---

**Suggested Tags (to add separately on Tumblr):**

#homeimprovement #cleaning #gutters #fallcleanup #diy #homeowner #maintenance #lifehacks #adulting #helpfularticle #leafblower #autumn #seasonalcleaning



**Notes on why this fits the guidelines:**

*   **Conversational & Authentic:** The tone is friendly and relatable, like a friend sharing a tip.
*   **Relatable Hook:** Starts with acknowledging the unpleasantness of gutter cleaning.
*","beacleaner,clean,gutters,with,leaf",text,2025-05-26 12:39:14,2025-05-27 13:39:14,False,,
post_20250526_123914_010,https://www.beacleaner.com/how-to-clean-gutters-with-mesh,"Okay, here's a Tumblr post draft based on the provided URL and guidelines:

---

Okay, real talk: is anyone *actually* excited about cleaning gutters? Probably not. It‚Äôs one of those home maintenance things we all know we *should* do, but‚Ä¶ it‚Äôs just‚Ä¶ unpleasant. And honestly, a little intimidating if you‚Äôre not sure where to start.

I stumbled across a really helpful article today that broke down how to clean gutters *with* mesh screens already in place. It‚Äôs not just about scooping out leaves (though that‚Äôs part of it!). They cover how to safely get up there, what tools actually work best, and importantly, how to deal with the stuff that *does* get trapped *under* the mesh. Seriously, knowing that little trick is a game changer.

The biggest takeaway for me was understanding that even with mesh, regular checks are key. It‚Äôs not a ‚Äúset it and forget it‚Äù situation, but the mesh *does* make the whole process way less frequent and messy. Plus, they have a good section on spotting potential problems *before* they become expensive repairs.

So, if your gutters are looking a little sad and you're putting it off‚Ä¶ maybe give this a read? It might make the whole thing feel a little less daunting. What‚Äôs the worst part of gutter cleaning for *you*? Let me know in the replies!

[https://www.beacleaner.com/how-to-clean-gutters-with-mesh](https://www.beacleaner.com/how-to-clean-gutters-with-mesh)

---

**Suggested Tags (to add separately on Tumblr):**

#homeimprovement #gutters #cleaning #homemaintenance #diy #housework #adulting #homeowner #tipsandtricks #fallcleaning #springcleaning #maintenance #helpfularticle



","beacleaner,clean,gutters,with,mesh",text,2025-05-26 12:39:14,2025-05-27 16:39:14,False,,
post_20250526_123914_011,https://www.beacleaner.com/how-to-clean-gutters-with-power-washer,"Okay, here's a Tumblr post draft based on your guidelines, aiming for that friendly, relatable vibe:

---

Anyone else feel like fall cleanup is *always* more daunting than they remember? Seriously, one minute you're enjoying pumpkin spice everything, the next you're staring at a mountain of leaves and‚Ä¶ clogged gutters. Ugh. 

I used to dread gutter cleaning SO much. It felt messy, kinda scary (heights!), and honestly, I wasn‚Äôt even sure I was doing it right. But I stumbled across this article that breaks down how to tackle it with a power washer, and it actually seems‚Ä¶ doable! It covers everything from safety precautions (super important!) to the right nozzles to use, and even how to avoid damaging your siding.

Apparently, a power washer can make quick work of the gunk, but it's not just about blasting away. The article really stresses going slowly, working in sections, and making sure you're angling the spray correctly. They also talk about how to deal with stubborn debris and what to do *after* you‚Äôve cleared everything out. It's way more detailed than any YouTube video I've found, honestly.

So, if you're facing the gutter gauntlet this season, I highly recommend giving it a read. Anyone else tried power washing their gutters? What are your biggest tips or struggles? Let's share the wisdom!

[https://www.beacleaner.com/how-to-clean-gutters-with-power-washer](https://www.beacleaner.com/how-to-clean-gutters-with-power-washer)

---

**Suggested Tags (to add separately on Tumblr):** #fallcleanup #homeimprovement #gutters #powerwashing #diy #homeowner #cleaningtips #autumn #maintenance #adulting #helpfularticle



**Notes on why this approach was taken:**

","beacleaner,clean,gutters,with,power",text,2025-05-26 12:39:14,2025-05-27 19:39:14,False,,
post_20250526_123914_012,https://www.beacleaner.com/how-to-clean-gutters-with-pressure-washer,"Okay, here's a Tumblr post draft based on your guidelines, aiming for that friendly, relatable vibe:

---

Anyone else feel like fall cleanup is *always* more daunting than they remember? Seriously, one minute you're enjoying pumpkin spice everything, the next you're staring at a mountain of leaves and‚Ä¶ clogged gutters. Ugh. 

I used to dread gutter cleaning SO much. It felt messy, kinda scary (heights, anyone?), and honestly, I wasn‚Äôt even sure I was doing it *right*. But I stumbled across this article that breaks down how to tackle it with a pressure washer, and it actually seems‚Ä¶ doable! 

Apparently, the key is all about the right nozzle and technique ‚Äì you don‚Äôt want to damage anything! The article walks you through everything from safety gear to the best way to flush out all that gunk without making a bigger mess. It even covers what *not* to do, which is super helpful. It really demystifies the whole process.

Honestly, I'm feeling a lot less intimidated about getting those gutters cleared now. Thinking I might actually give this a shot this weekend. Anyone else planning on tackling their gutters soon? What's your biggest gutter-cleaning struggle?

[https://www.beacleaner.com/how-to-clean-gutters-with-pressure-washer](https://www.beacleaner.com/how-to-clean-gutters-with-pressure-washer)

---

**Suggested Tags (to add separately on Tumblr):** #fallcleanup #homeimprovement #gutters #pressurewashing #diy #homeowner #cleaningtips #fallmaintenance #adulting #weekendproject #helpfularticle



**Notes on why this approach was taken:**

*   **Relatable Hook:** Starts with a common feeling about fall cleanup.
*   **Personal Tone:** Uses ""I"" and shares a personal struggle to","beacleaner,clean,gutters,with,pressure",text,2025-05-26 12:39:14,2025-05-27 22:39:14,False,,
post_20250526_123914_013,https://www.beacleaner.com/how-to-clean-hand-pump-sprayer,"Okay, here's a Tumblr post draft based on the provided guidelines and the article URL:

---

Anyone else hoard spray bottles thinking ‚ÄúI‚Äôll *definitely* reuse this for something!‚Äù‚Ä¶ only to have them sit there, clogged and sad? üôã‚Äç‚ôÄÔ∏è Seriously, I‚Äôm guilty. I always forget how important it is to *actually* clean them properly, especially the hand pump ones. They get gunked up SO fast.

I recently ran into this problem with a sprayer I used for some DIY cleaning solution, and thankfully found a really helpful guide on how to get everything flowing again. It turns out a little preventative maintenance goes a LONG way ‚Äì like, rinsing *immediately* after use is a game changer. And if it *is* already clogged? The article walks you through disassembling it (don‚Äôt worry, it‚Äôs not as scary as it sounds!) and using vinegar or warm soapy water to break down the buildup.

Basically, it‚Äôs a super practical little tutorial that‚Äôll save you money (no more buying new sprayers!) and keep your cleaning supplies working their best. It covers everything from daily rinsing to deep cleaning, and even troubleshooting common issues. 

So, tell me ‚Äì what‚Äôs *your* biggest cleaning struggle? Is it sprayers, or something else entirely? Let‚Äôs share tips! üëá

[https://www.beacleaner.com/how-to-clean-hand-pump-sprayer](https://www.beacleaner.com/how-to-clean-hand-pump-sprayer)

---

**Suggested Tags (to add separately on Tumblr):**

#cleaning #cleaningtips #diycleaning #homehacks #organization #springcleaning #lifehacks #reuse #reducewaste #practicaltips #home #cleaningmotivation #handpump #sprayer #howto #maintenance



**Notes on why this fits the guidelines:**

*","beacleaner,clean,hand,pump,sprayer",text,2025-05-26 12:39:14,2025-05-28 01:39:14,False,,
post_20250526_123914_014,https://www.beacleaner.com/how-to-clean-hard-water-stains-from-brick,"Okay, here's a Tumblr post draft based on the provided guidelines and the article link:

---

Anyone else notice how quickly brick can start looking‚Ä¶sad? Like, it starts out all charming and rustic, and then suddenly it‚Äôs just covered in these whitish streaks? Turns out that‚Äôs usually hard water, and it‚Äôs *super* common, especially if you live somewhere with, well, hard water! It always makes my brick fireplace look a little neglected, even right after I‚Äôve cleaned everything else.

I was just reading a really helpful article about tackling those hard water stains on brick, and it broke down a bunch of surprisingly simple solutions. Apparently, you can often get away with just vinegar and water (which is amazing!), but for tougher stains, they recommend things like baking soda paste or even a commercial brick cleaner. The key is being gentle ‚Äì you don‚Äôt want to damage the brick itself!

What I really appreciated was the emphasis on *testing* any cleaner in an inconspicuous spot first. Seriously, always do that! And they also had a great section on preventing future stains, which is way better than constantly cleaning them up. It's all about understanding what causes the buildup and taking steps to minimize it.

So, if your brick is looking a little worse for wear, definitely check this out. It‚Äôs a really straightforward guide that could save you a lot of scrubbing. Anyone else dealt with this before? What‚Äôs *your* go-to method for keeping brick looking its best?

[https://www.beacleaner.com/how-to-clean-hard-water-stains-from-brick](https://www.beacleaner.com/how-to-clean-hard-water-stains-from-brick)

---

**Suggested Tags (to add separately on Tumblr):**

#cleaning #homeimprovement #brick #hardwater #stainremoval #","beacleaner,clean,hard,water,stains",text,2025-05-26 12:39:14,2025-05-28 04:39:14,False,,
post_20250526_123914_015,https://www.beacleaner.com/how-to-clean-harvey-windows,"Okay, here's a Tumblr post draft based on the provided guidelines and the article link. It aims for a friendly, helpful tone and encourages engagement:

---

Anyone else feel like cleaning windows is *the worst*? Like, you spend ages scrubbing and they STILL look streaky? I totally get it. It's one of those chores I always put off, but clean windows just make a room feel SO much brighter, you know?

I stumbled across a really helpful guide on cleaning Harvey windows specifically (apparently they need a little extra TLC!) and it broke down everything from the best cleaning solutions to avoid damaging the glass, to the right way to wipe to prevent streaks. Seriously, it's not just about spraying and hoping for the best.

The biggest takeaway for me was learning about avoiding abrasive cleaners and focusing on gentle, consistent cleaning. They also have a great section on dealing with hard water stains, which is a *constant* battle here. It's a surprisingly detailed guide, and honestly, makes the whole task feel a lot less daunting.

So, if you've got Harvey windows and are dreading the next cleaning day, definitely check this out. What are *your* biggest window cleaning struggles? Spill the tea! üëá

[https://www.beacleaner.com/how-to-clean-harvey-windows](https://www.beacleaner.com/how-to-clean-harvey-windows)

---

**Suggested Tags (to add separately on Tumblr):**

#cleaning #homeimprovement #harveywindows #windowcleaning #cleaningtips #home #organization #declutter #springcleaning #hometips #cleanhome #lifehacks #helpful #recommendation



**Notes on this draft:**

*   **Conversational Tone:** Uses ""anyone else,"" ""I totally get it,"" and ""you know?"" to sound like a friend sharing a tip.
*   **","beacleaner,clean,harvey,windows",text,2025-05-26 12:39:14,2025-05-28 07:39:14,False,,
post_20250526_123914_016,https://www.beacleaner.com/how-to-clean-hydraulic-fluid-off-glass,"Okay, here's a Tumblr post draft based on your guidelines, aiming for that friendly, helpful vibe:

---

Okay, real talk: anyone else ever had a random spill happen in the *worst* possible place? Like, you're working on something, everything's going fine, and then BAM ‚Äì hydraulic fluid on a window or glass door. Instant panic, right? It looks awful and feels impossible to get off.

I stumbled across a really helpful article today that breaks down exactly how to tackle this. Apparently, you *don't* want to just grab any cleaner ‚Äì some can actually make things worse! The key is to act fast, use the right solvents (like degreasers or even something as simple as dish soap in a pinch), and a *lot* of elbow grease with microfiber cloths. It also stresses being careful about what you're mixing, and always testing in an inconspicuous area first.

The article goes into detail about different types of glass and the best approach for each, plus what *not* to do. Seriously, it saved me from potentially ruining a perfectly good glass shower door just thinking about it! It's a surprisingly thorough guide for a surprisingly specific problem.

So, if you've ever found yourself staring at a hydraulic fluid stain on glass, or just want to be prepared for the inevitable, definitely check this out. Anyone else dealt with this before? What's the messiest thing *you've* had to clean up lately?

[https://www.beacleaner.com/how-to-clean-hydraulic-fluid-off-glass](https://www.beacleaner.com/how-to-clean-hydraulic-fluid-off-glass)

---

**Suggested Tags (to add separately on Tumblr):**

#cleaningtips #hydraulicfluid #glasscleaning #homehacks #diycleaning #cleaninghacks #lifehacks #messyproblems","beacleaner,clean,hydraulic,fluid,glass",text,2025-05-26 12:39:14,2025-05-28 10:39:14,False,,
post_20250526_123914_017,https://www.beacleaner.com/how-to-clean-in-between-double-pane-windows,"Okay, here's a Tumblr post draft based on your guidelines, ready to copy & paste:

---

Anyone else notice how *dust bunnies seem to magically appear INSIDE your windows*? Like, how does that even HAPPEN?! It‚Äôs always bugged me, especially when the sun hits just right and suddenly all you see is a swirling galaxy of grime between the panes. üò©

I finally decided to tackle it instead of just‚Ä¶ accepting my fate. Turns out, cleaning between double-pane windows isn‚Äôt as scary as it sounds! I found this really helpful article that breaks down exactly how to do it, and it's not always about taking the whole window apart (thank goodness!). It covers everything from identifying if you *can* clean them yourself, to the tools you‚Äôll need, and even different methods depending on how stubborn the dirt is.

Basically, a lot of it comes down to patience and a little bit of soapy water (and sometimes a special cleaning magnet!). The article really emphasizes being gentle to avoid damaging the seals, which is a *very* good point. It also explains when it's definitely time to call a pro, which is super important to know.

Seriously, if you're staring at cloudy windows and wondering what your options are, give this a read. It might save you a lot of frustration (and money!). Have you ever tried cleaning between your window panes? What worked (or *didn't* work) for you? Let me know! üëá

[https://www.beacleaner.com/how-to-clean-in-between-double-pane-windows](https://www.beacleaner.com/how-to-clean-in-between-double-pane-windows)

---

**Suggested Tags (to add separately on Tumblr):**

#cleaning #homeimprovement #windowcleaning #doublepanewindows #cleaningtips #hometips","beacleaner,clean,between,double,pane",text,2025-05-26 12:39:14,2025-05-28 13:39:14,False,,
post_20250526_123914_018,https://www.beacleaner.com/how-to-clean-inside-of-glass-freezer-doors,"Okay, here's a Tumblr post draft based on your guidelines, ready to copy & paste:

---

Anyone else feel like the inside of their freezer door is a forgotten land? Like, you *know* stuff is building up, but you just‚Ä¶avoid looking? üòÖ I totally get it. It‚Äôs one of those cleaning tasks that feels way more daunting than it actually is.

I stumbled across a really helpful article today about tackling those glass freezer doors, and honestly, it broke it down into super manageable steps. Apparently, warm water and a microfiber cloth are your best friends, and avoiding harsh chemicals is key to keeping the glass looking good (and not damaging anything!). It also talked about dealing with stubborn ice buildup and preventing future messes.

The biggest takeaway for me was learning *how* to properly dry the glass to avoid streaks ‚Äì seriously, that‚Äôs been my biggest struggle! And they had a great tip about using a little bit of vinegar for extra cleaning power. It's all about gentle but effective methods.

Seriously, a clean freezer door makes the whole kitchen feel a little brighter, right? Anyone planning a little freezer refresh this weekend? Let me know if you try any of these tips! üëá

[https://www.beacleaner.com/how-to-clean-inside-of-glass-freezer-doors](https://www.beacleaner.com/how-to-clean-inside-of-glass-freezer-doors)

---

**Suggested Tags (to add separately on Tumblr):**

#cleaning #homecleaning #freezer #kitchencleaning #cleaningtips #organization #homehacks #declutter #cleaningmotivation #lifehacks #domesticgoddess (or similar - tailor to your blog's vibe!)



**Notes:**

*   I aimed for a friendly, relatable tone.
*   The post focuses on the *feeling* of the problem and","beacleaner,clean,inside,glass,freezer",text,2025-05-26 12:39:14,2025-05-28 16:39:14,False,,
post_20250526_123914_019,https://www.beacleaner.com/how-to-clean-ipe-wood-deck,"Okay, here's a Tumblr post draft based on the provided guidelines and the linked article. It aims for a friendly, helpful tone and encourages engagement:

---

Okay, real talk: anyone else spend *ages* choosing decking material, only to then panic about actually keeping it looking good? I fell HARD for the look of Ipe wood ‚Äì that rich, natural color is just gorgeous. But then I realized‚Ä¶ how do you even *clean* this stuff without ruining it?!

Turns out, Ipe is super durable, but it *does* need a little TLC. This article from Be A Cleaner breaks down exactly how to do it, and it‚Äôs way less intimidating than I thought. Basically, you want to avoid harsh chemicals (gentle is key!), and regular cleaning with a deck brush and specialized cleaner is your best friend. They also cover things like oiling to maintain that beautiful color and dealing with mildew.

What I really appreciated was the focus on *preventative* care. It‚Äôs much easier to keep Ipe looking great with consistent, gentle cleaning than to try and restore it after it‚Äôs gotten really weathered. They even talk about the best types of brushes and cleaners to use, which saves a ton of guesswork.

Seriously, if you‚Äôve got an Ipe deck (or are thinking about getting one!), give this a read. It‚Äôll save you a headache and keep your outdoor space looking amazing. What are *your* biggest deck maintenance struggles? Let me know in the replies! üëá

[https://www.beacleaner.com/how-to-clean-ipe-wood-deck](https://www.beacleaner.com/how-to-clean-ipe-wood-deck)

---

**Suggested Tags (to add separately on Tumblr):**

#ipe #ipewood #decking #deckmaintenance #outdoorliving #homeimprovement #cleaningtips #wooddeck #diy #","beacleaner,clean,wood,deck",text,2025-05-26 12:39:14,2025-05-28 19:39:14,False,,
post_20250526_123914_020,https://www.beacleaner.com/how-to-clean-iron-doors,"Okay, here's a Tumblr post draft based on the provided guidelines and the article link:

---

Okay, real talk: I *love* the look of iron doors. They just feel so‚Ä¶substantial, you know? But honestly, I always worried about keeping them looking good. Like, what *do* you even do with rust and grime on something so‚Ä¶metal? üò¨

Turns out, cleaning an iron door isn‚Äôt as scary as it seems! I stumbled across this article and it breaks down everything from gentle daily upkeep to tackling serious rust. Apparently, avoiding harsh chemicals is key (who knew?), and a little bit of oil can go a *long* way in protecting it. They also have a really clear guide on how to deal with different types of finishes, which is super helpful.

The biggest takeaway for me was learning about preventative care ‚Äì basically, wiping down your door regularly and keeping it sealed. It‚Äôs way easier to maintain than to restore! Plus, they cover how to safely remove rust *without* damaging the iron itself. Seriously, this is a game changer for anyone with an iron door (or thinking about getting one).

So, if you're rocking an iron door and want to keep it looking its best, definitely give this a read. What are your biggest cleaning challenges at home? I'm always looking for new tips! üëá

[https://www.beacleaner.com/how-to-clean-iron-doors](https://www.beacleaner.com/how-to-clean-iron-doors)

---

**Suggested Tags (to add separately on Tumblr):**

#cleaning #homeimprovement #irondoor #rustremoval #maintenance #homedecor #cleaningtips #housekeeping #diy #home #organization #beacleaner



**Notes:**

*   The tone is conversational and friendly.
*   It starts with a relatable observation about liking iron","beacleaner,clean,iron,doors",text,2025-05-26 12:39:14,2025-05-28 22:39:14,False,,
post_20250526_123914_021,https://www.beacleaner.com/how-to-clean-leaded-glass-windows,"Okay, here's a Tumblr post draft based on the provided guidelines and the linked article:

---

Anyone else have those *gorgeous* old windows in their house that just‚Ä¶feel special? Like, they tell a story? I‚Äôve been admiring mine lately, and realized I have NO idea how to actually clean them properly without messing something up. Turns out, if they‚Äôre leaded glass (which a lot of older homes have!), you can‚Äôt just grab any old window cleaner.

I did some digging and found a really helpful article about cleaning leaded glass windows. Basically, you want to be super gentle ‚Äì no harsh chemicals or abrasive scrubbers! The lead came (that‚Äôs the stuff holding the glass pieces together) can corrode, and you definitely don‚Äôt want to damage it. The article recommends mild soap and water, and a soft brush to get into all the little nooks and crannies. 

It also stressed the importance of drying everything *thoroughly* to prevent water spots and potential damage over time. Honestly, it made me feel a lot more confident about tackling this. It‚Äôs a little more involved than just spraying and wiping, but totally worth it to preserve those beautiful windows.

So, if you‚Äôve got leaded glass windows, or even just suspect you might, give this a read! It‚Äôs a great guide to keeping them sparkling and safe for years to come. What‚Äôs one thing you‚Äôve learned about caring for an older home that surprised you?

[https://www.beacleaner.com/how-to-clean-leaded-glass-windows](https://www.beacleaner.com/how-to-clean-leaded-glass-windows)

---

**Suggested Tags (to add separately on Tumblr):** #oldhouse #vintagehome #leadedglass #windowcleaning #homeimprovement #cleaningtips #hometips","beacleaner,clean,leaded,glass,windows",text,2025-05-26 12:39:14,2025-05-29 01:39:14,False,,
post_20250526_123914_022,https://www.beacleaner.com/how-to-clean-low-e-glass,"Okay, here's a Tumblr post draft based on the provided guidelines and the article link:

---

Anyone else feel like windows are just‚Ä¶ magnets for fingerprints and dust? Seriously, I clean mine and they look smudged again within *hours*. But I recently learned something important ‚Äì especially if you have newer windows! They might have a special coating called Low-E glass, which is awesome for energy efficiency, but needs a little extra TLC when cleaning.

Turns out regular window cleaners can actually *damage* that coating, leaving streaks or even permanently messing it up. üò¨ No bueno! This article breaks down exactly what Low-E glass is, how to tell if you have it, and the best (and worst!) ways to clean it. Basically, ditch the vinegar and Windex and lean into distilled water and microfiber cloths.

The biggest takeaway? Gentle is key. Avoid abrasive cleaners, scrub brushes, and anything that could scratch. It‚Äôs a surprisingly simple change to your cleaning routine that can save you a lot of money (and headaches!) down the road by keeping your windows working efficiently. 

So, are you a Low-E glass newbie like I was? Or do you have any secret window-cleaning tips you swear by? Let me know in the replies! üëá

[https://www.beacleaner.com/how-to-clean-low-e-glass](https://www.beacleaner.com/how-to-clean-low-e-glass)

---

**Suggested Tags (to add separately on Tumblr):**

#cleaning #homeimprovement #windows #loweglass #cleaningtips #hometips #energyefficiency #lifehacks #cleaninghacks #home #adulting #usefulinfo #recommendation



**Notes:**

*   The tone is conversational and friendly.
*   It starts with a relatable observation about dirty windows.
*   It summarizes the key insights","beacleaner,clean,glass",text,2025-05-26 12:39:14,2025-05-29 04:39:14,False,,
post_20250526_123914_023,https://www.beacleaner.com/how-to-clean-metal-awnings,"Okay, here's a Tumblr post draft based on the provided guidelines and the article link:

---

Anyone else notice how grimy outdoor stuff just‚Ä¶ *happens*? Like, you blink, and suddenly your patio furniture and awnings are covered in a layer of who-knows-what. I was staring at my metal awning the other day and realizing it hadn‚Äôt had a proper clean in ages. It just looked‚Ä¶sad.

Turns out, cleaning a metal awning isn‚Äôt as daunting as I thought! I found this really helpful article that breaks it down. Basically, you want to be gentle ‚Äì harsh chemicals can do more harm than good. Think mild soap and water, a soft brush, and rinsing thoroughly. They also cover dealing with rust spots (super important!) and different types of metal awnings. 

The biggest takeaway for me was learning *how* to properly rinse to avoid water spots, and the reminder that prevention is key. Regular cleaning means less build-up and a longer lifespan for your awning. Honestly, it feels good to know I can keep things looking nice without a ton of effort.

So, if your metal awning is looking a little neglected, definitely check this out! It‚Äôs a pretty straightforward guide. What are your go-to cleaning tips for outdoor spaces? Share them below ‚Äì I‚Äôm always looking for ways to make spring cleaning a little less‚Ä¶spring cleaning-y.

[https://www.beacleaner.com/how-to-clean-metal-awnings](https://www.beacleaner.com/how-to-clean-metal-awnings)

---

**Suggested Tags (to add separately on Tumblr):**

#cleaning #homeimprovement #outdoorliving #metalawning #cleaningtips #springcleaning #home #maintenance #diy #organization #helpfularticle #beacleaner



**Notes on why this fits the guidelines:**

*   **Convers","beacleaner,clean,metal,awnings",text,2025-05-26 12:39:14,2025-05-29 07:39:14,False,,
post_20250526_123914_024,https://www.beacleaner.com/how-to-clean-mildew-off-canvas-awning,"Okay, here's a Tumblr post draft based on the provided URL and guidelines:

---

Anyone else feel like their outdoor spaces *immediately* start showing wear and tear the second the nice weather hits? Seriously, it's like mildew has a sixth sense for sunshine and canvas. I was staring at my awning the other day, noticing some‚Ä¶ not-so-cute spots, and immediately panicked. Replacing it wasn‚Äôt in the budget, to say the least!

Luckily, I stumbled across a really helpful article that walked me through cleaning mildew *off* canvas awnings, and it‚Äôs way less daunting than I thought. Apparently, a gentle approach is key ‚Äì think mild soap, soft brushes, and *lots* of rinsing. The article breaks down exactly what kind of cleaners to avoid (harsh chemicals are a big no-no!) and how to prep the area before you even start scrubbing. 

What I really appreciated was the focus on preventing mildew from coming back. It‚Äôs not just about getting rid of it *now*, but making sure it doesn‚Äôt reappear next week. Proper drying and regular cleaning are apparently your best friends. They even cover different levels of mildew, from light spotting to more stubborn growth.

Seriously, if you‚Äôve got a canvas awning (or anything else prone to mildew!), give this a read. It saved me a potential headache (and a lot of money!). What are your go-to cleaning tips for outdoor fabrics? Share them in the replies! üëá

[https://www.beacleaner.com/how-to-clean-mildew-off-canvas-awning](https://www.beacleaner.com/how-to-clean-mildew-off-canvas-awning)

---

**Suggested Tags (to add separately on Tumblr):**

#cleaning #homeimprovement #outdoorliving #awning #mildew #canvas #diy #cleaningtips #home #maintenance","beacleaner,clean,mildew,canvas,awning",text,2025-05-26 12:39:14,2025-05-29 10:39:14,False,,
post_20250526_123914_025,https://www.beacleaner.com/how-to-clean-neon-bar-lights,"Okay, here's a Tumblr post draft based on the provided guidelines and the article link. It aims for a friendly, conversational tone and focuses on the practical value of the information:

---

Okay, real talk: anyone else obsessed with neon bar lights? They just *make* a space, you know? I‚Äôve been eyeing them for my own room for ages, but then I started thinking‚Ä¶ how do you even *clean* those things?! Like, they‚Äôre glass and bright and probably delicate. üò¨

Turns out, it‚Äôs not as scary as I thought! I stumbled across this really helpful article that breaks down exactly how to clean neon bar lights without damaging them. Basically, gentle is key ‚Äì think soft cloths, mild soap, and avoiding harsh chemicals. It also covers different types of lights (the glass vs. the flexible neon look-alikes) and how to handle dust vs. actual grime.

The biggest takeaway for me was learning *not* to use abrasive cleaners or anything with alcohol, and to always unplug everything first (duh, but good to be reminded!). It also gave me some confidence about tackling those little fingerprints that are inevitable. Seriously, it‚Äôs a quick read and could save you from a potentially expensive mistake.

So, if you‚Äôre rocking neon lights, or thinking about getting some, definitely check it out. What‚Äôs your favorite way to add a little glow to your space? Let me know! üëá

[https://www.beacleaner.com/how-to-clean-neon-bar-lights](https://www.beacleaner.com/how-to-clean-neon-bar-lights)

---

**Suggested Tags (to add separately on Tumblr):**

#neonlights #cleaningtips #homedecor #bar decor #diy #homeimprovement #cleaninghacks #aesthetic #roomdecor #tipsandtricks #glowup #organization #","beacleaner,clean,neon,lights",text,2025-05-26 12:39:14,2025-05-29 13:39:14,False,,
post_20250526_123914_026,https://www.beacleaner.com/how-to-clean-neon-signs,"Okay, here's a Tumblr post draft based on the provided guidelines and the article link:

---

Okay, but like‚Ä¶ does anyone else get *obsessed* with the vibe of neon signs? They just instantly make a space cooler, right? I‚Äôve been eyeing one for my room for ages, but then I started thinking‚Ä¶ how do you even *clean* those things?! They‚Äôre not exactly something you can just throw in the dishwasher. üòÇ

Turns out, it's a little more delicate than you'd think! I stumbled across this really helpful article that breaks down how to safely clean neon signs ‚Äì everything from dusting to dealing with grime, and even what *not* to do (apparently regular cleaners can be a big no-no!). It emphasizes gentle methods and avoiding anything abrasive to protect the glass and the neon itself.

The biggest takeaway for me was learning about using isopropyl alcohol for tougher spots, and how important it is to disconnect the power first (duh, but good to be reminded!). They also cover cleaning different types of signs, like those with backing materials. Honestly, it made me feel a lot more confident about actually owning one someday.

So, if you're a neon sign lover (or thinking of becoming one!), definitely give this a read. It's a quick guide that could save you a lot of heartache (and potentially a broken sign!). What‚Äôs the coolest neon sign you‚Äôve ever seen, and where did you see it? I need inspo!

[https://www.beacleaner.com/how-to-clean-neon-signs](https://www.beacleaner.com/how-to-clean-neon-signs)

---

**Suggested Tags (to add separately on Tumblr):**

#neon #neonsigns #cleaning #homedecor #vintage #aesthetic #tips #howto #diy #retro #vintagedecor #home","beacleaner,clean,neon,signs",text,2025-05-26 12:39:14,2025-05-29 16:39:14,False,,
post_20250526_123914_027,https://www.beacleaner.com/how-to-clean-new-construction-windows,"Okay, here's a Tumblr post draft based on the provided URL and guidelines:

---

Okay, real talk: moving into a new construction home is *amazing*. But that pristine feeling can quickly fade when you look at all those windows‚Ä¶ covered in dust, fingerprints, and who-knows-what-else from the building process. It‚Äôs kinda shocking, right? You expect sparkling clean, but it‚Äôs usually the opposite!

I stumbled across a really helpful article about tackling this exact problem. Apparently, new construction windows need a *specific* kind of cleaning because of all the leftover residue from things like vinyl installation and protective film. Just using your regular window cleaner isn‚Äôt always enough and can even streak! 

The article breaks down exactly what you need (think gentle cleaners, microfiber cloths, and a little patience) and walks you through the best way to get those windows crystal clear *without* damaging them. It even covers dealing with sticker residue, which is a lifesaver. Seriously, it's way more detailed than just ""spray and wipe.""

So, if you're about to move into a new build, or just dealing with post-construction cleanup, definitely give this a read. It‚Äôll save you a ton of frustration (and maybe a few ruined cloths!). What are your biggest cleaning challenges when moving into a new space? Let me know!

[https://www.beacleaner.com/how-to-clean-new-construction-windows](https://www.beacleaner.com/how-to-clean-new-construction-windows)

---

**Suggested Tags (to add separately on Tumblr):**

#newconstruction #cleaningtips #homeimprovement #newhome #cleaninghacks #windowcleaning #moving #homeowner #lifehacks #cleaningmotivation #organizedhome #declutter #homecare



**Notes on why this fits the guidelines:**

*   **","beacleaner,clean,construction,windows",text,2025-05-26 12:39:14,2025-05-29 19:39:14,False,,
post_20250526_123914_028,https://www.beacleaner.com/how-to-clean-nickel-door-handle,"Okay, here's a Tumblr post draft based on your guidelines, ready to copy & paste:

---

Anyone else notice how *quickly* door handles get‚Ä¶sad? Like, constantly touched and just‚Ä¶dull? I was staring at mine the other day and realized it hadn‚Äôt been properly cleaned in ages. It was looking less ‚Äúpolished nickel‚Äù and more ‚Äúslightly grimy metal.‚Äù üò©

So, I did a little digging and found a really helpful guide on how to actually *clean* nickel door handles without damaging them. Turns out, a lot of your usual cleaning stuff can be too harsh! The key is gentle ‚Äì think warm water, mild dish soap, and a *super* soft cloth. Apparently, vinegar can work for tougher spots, but you gotta dilute it properly.

The article breaks down everything from daily quick-cleans to tackling built-up grime, and even how to prevent tarnishing in the first place. Honestly, it made me feel way more confident about giving mine a proper shine without accidentally ruining the finish. It's a small thing, but clean door handles just make a space feel so much more put-together, you know?

Anyone else a bit of a cleaning nerd? Or am I the only one who gets strangely satisfied by a sparkling door handle? Check out the full guide here if your nickel needs some love: [https://www.beacleaner.com/how-to-clean-nickel-door-handle](https://www.beacleaner.com/how-to-clean-nickel-door-handle)



---

**Suggested Tags (to add separately on Tumblr):**

#cleaning #homecleaning #nickel #doorhandles #cleaningtips #homemaintenance #sparklyclean #cleaninghacks #organizedhome #homeimprovement #cleaningmotivation #adulting #lifehacks #cleanhome



**Notes:**

*   I aimed for a conversational tone, like","beacleaner,clean,nickel,door,handle",text,2025-05-26 12:39:14,2025-05-29 22:39:14,False,,
post_20250526_123914_029,https://www.beacleaner.com/how-to-clean-out-gutters-with-gutter-guards,"Okay, here's a Tumblr post draft based on the provided URL and guidelines:

---

Anyone else feel like fall cleanup is *always* more work than you remember? Seriously, one minute you're enjoying pumpkin spice everything, the next you're staring at a mountain of leaves and realizing your gutters are probably overflowing. üò¨

I was putting off the gutter cleaning (let's be real, it's the worst) but then I stumbled across this article about actually *preventing* the whole mess with gutter guards. It breaks down everything from different types of guards to how to install them, and even how to clean gutters *without* a ladder if you're feeling extra cautious. 

The biggest takeaway for me was understanding that not all guards are created equal ‚Äì some are better for different types of debris, and some are way easier to maintain. Plus, the article has a really clear guide on how to actually *clean* your gutters if you haven't gotten to the guard stage yet. It's surprisingly straightforward!

Honestly, I'm feeling a lot less dread about the whole situation now. Thinking I might actually tackle this before the first snow hits. What about you guys? Are gutter guards a lifesaver, or do you have a different system for keeping things clear?

[https://www.beacleaner.com/how-to-clean-out-gutters-with-gutter-guards](https://www.beacleaner.com/how-to-clean-out-gutters-with-gutter-guards)

---

**Suggested Tags (to add separately on Tumblr):** #homeimprovement #fallcleanup #gutters #gutterguards #homeowner #diy #maintenance #cleaning #autumn #fall #housework #tipsandtricks #homehacks



**Notes on why this fits the guidelines:**

*   **Conversational & Authentic:** Uses ""anyone else,"" ""","beacleaner,clean,gutters,with,gutter",text,2025-05-26 12:39:14,2025-05-30 01:39:14,False,,
post_20250526_123914_030,https://www.beacleaner.com/how-to-clean-outdoor-light-fixtures,"Okay, here's a Tumblr post draft based on the provided URL and guidelines:

---

Anyone else notice how *dirty* outdoor lights get? Like, seriously, they go from shining bright to looking kinda‚Ä¶sad and dusty way too quickly. It‚Äôs one of those home maintenance things I always forget about until I‚Äôm actively trying to see my front porch, haha. 

I just read a really helpful article about cleaning outdoor light fixtures, and it‚Äôs way more straightforward than I thought! Apparently, the material of your light (glass, metal, plastic) makes a big difference in *how* you clean it, and using the wrong stuff can actually damage them. The article breaks down everything from gentle soap solutions to dealing with bug guts (ew, right?).

The biggest takeaway for me was learning to *always* turn off the power first (duh, but good to be reminded!) and to avoid abrasive cleaners. It also gave some great tips on safely removing the glass/covers for a really thorough clean. Seriously, a little elbow grease can make a huge difference in curb appeal *and* how well your lights actually work.

So, are you a regular outdoor light cleaner, or are you guilty of letting them go a little‚Ä¶wild? Let me know in the replies! And if your lights are looking a little neglected, definitely check out this guide: [https://www.beacleaner.com/how-to-clean-outdoor-light-fixtures](https://www.beacleaner.com/how-to-clean-outdoor-light-fixtures)



---

**Suggested Tags (to add separately on Tumblr):**

#home maintenance #cleaning tips #outdoor lights #home improvement #curb appeal #cleaning #diy #housekeeping #organization #helpful tips #home decor #spring cleaning (or relevant season)



**Notes:**

*   The tone is conversational and friendly.
*   It starts with","beacleaner,clean,outdoor,light,fixtures",text,2025-05-26 12:39:14,2025-05-30 04:39:14,False,,
post_20250526_123914_031,https://www.beacleaner.com/how-to-clean-outdoor-lights,"Okay, here's a Tumblr post draft based on the provided guidelines and the article URL:

---

Anyone else feel like their outdoor lights just‚Ä¶ *lose* their sparkle halfway through the season? It‚Äôs not just me, right? Between dust, pollen, and just general outdoor grime, those pretty lights can start looking kinda sad. I always forget they *need* cleaning, and then wonder why my porch isn‚Äôt as inviting as I remember!

I stumbled across a really helpful article on how to actually clean outdoor lights properly (and safely!). Turns out, just hosing them down isn‚Äôt always the best idea, especially for certain types. The guide breaks down cleaning methods based on the *type* of light you have ‚Äì string lights, lanterns, spotlights, etc. ‚Äì and what materials they‚Äôre made of. 

Seriously, it covers everything from gentle soap solutions to avoiding harsh chemicals that can damage the finish. They even have tips for dealing with stubborn bug guts (ew, but necessary!). Knowing how to clean them the right way will not only make them brighter, but also help them last longer, which is a win-win.

So, if your outdoor lighting is looking a little dull, give it a read! It's a quick one and might save you from having to replace a whole set of lights next year. What are *your* biggest struggles with outdoor maintenance? Let me know!

[https://www.beacleaner.com/how-to-clean-outdoor-lights](https://www.beacleaner.com/how-to-clean-outdoor-lights)

---

**Suggested Tags (to add separately on Tumblr):**

#cleaning #outdoorlights #homemaintenance #springcleaning #homeimprovement #declutter #organization #tipsandtricks #lifehacks #seasonalcleaning #porchdecor #outdoorliving #brightenup #home #cleaningtips



","beacleaner,clean,outdoor,lights",text,2025-05-26 12:39:14,2025-05-30 07:39:14,False,,
post_20250526_123914_032,https://www.beacleaner.com/how-to-clean-oxidized-siding,"Okay, here's a Tumblr post draft based on the provided URL and guidelines:

---

Anyone else look at the side of their house and just‚Ä¶ sigh? Seriously, that faded, chalky look siding gets after a few years is *not* a vibe. It makes the whole place look tired, you know? I was starting to think a full re-siding was my only option, which‚Ä¶ouch, wallet.

Turns out, a lot of the time it‚Äôs just oxidation, and it‚Äôs actually something you can tackle yourself! I stumbled across this really helpful article that breaks down exactly *what* causes that oxidation (apparently it‚Äôs a chemical reaction with the sun and weather ‚Äì who knew?) and, more importantly, how to clean it off. They cover everything from gentle washing to using specific cleaners depending on your siding type.

The biggest takeaway for me was learning about the importance of a *gentle* approach. You don‚Äôt want to damage your siding trying to fix it! The article really stresses testing any cleaning solution in an inconspicuous area first, and choosing the right pressure washing settings (or avoiding it altogether if your siding is delicate). It‚Äôs a lot more nuanced than just blasting it with water.

Seriously, if your siding is looking a little worse for wear, give this a read. It might save you a *ton* of money and effort. What‚Äôs the biggest exterior cleaning challenge you‚Äôre facing right now? Let‚Äôs commiserate!

[https://www.beacleaner.com/how-to-clean-oxidized-siding](https://www.beacleaner.com/how-to-clean-oxidized-siding)

---

**Suggested Tags (to add separately on Tumblr):**

#homeimprovement #cleaning #siding #exteriorcleaning #housemaintenance #diy #homeowner #oxidation #cleaningtips #beforeandafter #homet","beacleaner,clean,oxidized,siding",text,2025-05-26 12:39:14,2025-05-30 10:39:14,False,,
post_20250526_123914_033,https://www.beacleaner.com/how-to-clean-paintball-clothes,"Okay, here's a Tumblr post draft based on the provided guidelines and the article link:

---

Okay, real talk: anyone else spend *way* too long trying to get paintball splatters out of their clothes? It always looks so much cooler on the field than it does when you're staring at a bright pink stain on your favorite jeans. I thought I was doomed to just dedicate a whole wardrobe to paintball, but apparently, there's hope!

I just read a really helpful article about actually *cleaning* paintball clothes, and it's way more straightforward than I expected. Turns out, quick action is key ‚Äì the sooner you tackle those stains, the better. And forget hot water, apparently! Cold water and a good pre-treat are your best friends. They also have some surprisingly effective tips for different fabric types.

The biggest takeaway for me was learning about enzyme detergents and how they break down the paint. Seriously, who knew? The article breaks down everything from initial rinsing to washing and drying, even covering what *not* to do (looking at you, dryer!). It's a lifesaver for keeping your gear looking decent and saving money on replacements.

So, if you're a paintball enthusiast (or just someone who accidentally got caught in the crossfire üòâ), definitely check it out. What are *your* biggest struggles when it comes to cleaning paintball gear? Share your tips!

[https://www.beacleaner.com/how-to-clean-paintball-clothes](https://www.beacleaner.com/how-to-clean-paintball-clothes)

---

**Suggested Tags (to add separately on Tumblr):**

#paintball #paintballgear #cleaningtips #laundry #stainremoval #howto #lifehack #gearcleaning #outdoorgear #cleaninghacks #paintballlife #sponsored (if applicable - check terms)



**Notes","beacleaner,clean,paintball,clothes",text,2025-05-26 12:39:14,2025-05-30 13:39:14,False,,
post_20250526_123914_034,https://www.beacleaner.com/how-to-clean-pella-windows-with-blinds-inside,"Okay, here's a Tumblr post draft based on the provided URL and guidelines:

---

Anyone else feel like cleaning windows is *the worst*? Like, you spend ages and they STILL look‚Ä¶streaky? Especially those Pella windows with the blinds *inside* ‚Äì seriously, a whole other level of tricky. I used to just avoid them, honestly.

But I stumbled across a really helpful guide that breaks down exactly how to tackle those built-in blinds without destroying them (or your sanity!). It‚Äôs all about the right tools ‚Äì microfiber cloths are your friend, apparently ‚Äì and a gentle approach. They cover everything from dusting to actually washing the glass *around* the blinds, and even how to deal with stubborn grime.

The biggest takeaway for me was learning to tilt the blinds just right for cleaning and using a vacuum attachment to get the dust *before* you even think about water. It sounds simple, but it makes a huge difference. Seriously, no more wrestling with a spray bottle and hoping for the best.

If you‚Äôve got Pella windows with interior blinds, you NEED to check this out. It actually makes the whole process feel‚Ä¶manageable. What are your biggest cleaning struggles? Let me know ‚Äì maybe we can find a solution together!

[https://www.beacleaner.com/how-to-clean-pella-windows-with-blinds-inside](https://www.beacleaner.com/how-to-clean-pella-windows-with-blinds-inside)

---

**Suggested Tags (to add separately on Tumblr):**

#cleaning #windowcleaning #pellawindows #homemaintenance #cleaningtips #homeimprovement #declutter #organization #adulting #lifehacks #cleanhome #tipsandtricks #housecleaning



**Notes:**

*   The tone is conversational and friendly.
*   It starts with a relatable pain point","beacleaner,clean,pella,windows,with",text,2025-05-26 12:39:14,2025-05-30 16:39:14,False,,
post_20250526_123914_035,https://www.beacleaner.com/how-to-clean-pella-windows-with-low-e,"Okay, here's a Tumblr post draft based on the provided guidelines and the article link. It aims for a friendly, helpful tone and encourages engagement:

---

Anyone else feel like clean windows just *instantly* make a room feel brighter and more welcoming? Seriously, it's a small thing that makes a huge difference. But when you have special windows, like Pella windows with that Low-E coating, you kinda hesitate to just grab any old cleaner, right? You don‚Äôt want to damage them!

I stumbled across a really helpful guide on how to properly clean Pella windows *with* that Low-E glass, and it took a lot of the guesswork out of it. Basically, you want to avoid anything abrasive ‚Äì no paper towels, no harsh chemicals. It‚Äôs all about gentle cleaners, microfiber cloths, and a little bit of patience. The article breaks down exactly what to use (and *not* use!) to keep those windows sparkling without ruining the energy-saving benefits of the coating.

Turns out, Low-E glass is super sensitive, and using the wrong stuff can actually leave streaks or even damage the coating over time. This guide walks you through everything from initial dusting to the final polish, and even has tips for tackling stubborn grime. It‚Äôs way more detailed than I expected, and honestly, I feel a lot more confident about tackling my own windows now.

So, if you've been putting off cleaning your Pella windows because you're worried about messing them up, definitely check this out! What are your biggest window cleaning struggles? Let me know in the replies ‚Äì maybe we can share tips!

[https://www.beacleaner.com/how-to-clean-pella-windows-with-low-e](https://www.beacleaner.com/how-to-clean-pella-windows-with-low-e)

---

**Suggested","beacleaner,clean,pella,windows,with",text,2025-05-26 12:39:14,2025-05-30 19:39:14,False,,
post_20250526_123914_036,https://www.beacleaner.com/how-to-clean-pella-windows,"Okay, here's a Tumblr post draft based on the provided guidelines and the linked article:

---

Anyone else feel like clean windows just *instantly* make a room feel brighter and more welcoming? Seriously, it's a small thing that makes a huge difference. But when it comes to Pella windows, I always get a little nervous about messing something up ‚Äì they‚Äôre an investment, you know?

I was doing some digging and found a really helpful guide on how to clean them properly without causing damage. Apparently, knowing *what* kind of Pella windows you have (wood, vinyl, fiberglass) is the first step, because the cleaning methods differ! It also breaks down the best cleaning solutions to use ‚Äì and surprisingly, sometimes just warm water and a soft cloth is all you need. 

The article really emphasized being gentle and avoiding abrasive cleaners, which is good to know. It also gave some super practical tips for getting those hard-to-reach spots and dealing with stubborn grime. Basically, it takes the guesswork out of keeping your Pella windows sparkling.

So, if your windows are looking a little‚Ä¶less than stellar, definitely check it out! What are *your* biggest window cleaning struggles? Let me know in the replies ‚Äì maybe we can share tips!

[https://www.beacleaner.com/how-to-clean-pella-windows](https://www.beacleaner.com/how-to-clean-pella-windows)

---

**Suggested Tags (to add separately on Tumblr):**

#cleaning #homeimprovement #pellawindows #windowcleaning #homemaintenance #cleaningtips #housecleaning #springcleaning #home #organization #cleanhome #tipsandtricks #helpfulguide



","beacleaner,clean,pella,windows",text,2025-05-26 12:39:14,2025-05-30 22:39:14,False,,
post_20250526_123914_037,https://www.beacleaner.com/how-to-clean-plastic-chandelier-beads,"Okay, here's a Tumblr post draft based on your guidelines, ready to copy & paste:

---

Okay, real talk: how many of us have a gorgeous chandelier‚Ä¶that‚Äôs looking a little *dusty*? Especially if it‚Äôs got those beautiful plastic beads? I always feel intimidated trying to clean something so delicate, convinced I‚Äôm going to knock everything loose. üòÖ

But I just read a really helpful article that broke down how to clean plastic chandelier beads without causing a disaster! Apparently, the key is gentle cleaning solutions ‚Äì think warm water and a *tiny* bit of dish soap ‚Äì and avoiding anything abrasive. They also have a great section on how to safely remove and re-string beads if you need to do a really deep clean.

The article really emphasized being patient and working in sections, which honestly makes the whole task feel way less overwhelming. It also pointed out that different types of plastic react differently, so testing a small area first is super important. Basically, it's all about being kind to your chandelier!

Seriously, if you've been putting off cleaning yours, give this a read. It's a lifesaver! What's the most intimidating cleaning task *you* keep avoiding? Let me know! üëá

[https://www.beacleaner.com/how-to-clean-plastic-chandelier-beads](https://www.beacleaner.com/how-to-clean-plastic-chandelier-beads)

---

**Suggested Tags (to add separately on Tumblr):**

#cleaning #chandelier #homedecor #cleaningtips #homeimprovement #dusting #diy #organization #lifehacks #sparklyclean #home #decor #tipsandtricks



**Notes:**

*   I aimed for a friendly, relatable tone.
*   The post summarizes the key takeaways (gentle cleaning, patience, testing).
*   ","beacleaner,clean,plastic,chandelier,beads",text,2025-05-26 12:39:14,2025-05-31 01:39:14,False,,
post_20250526_123914_038,https://www.beacleaner.com/how-to-clean-plastic-skylights,"Okay, here's a Tumblr post draft based on the provided guidelines and the article link:

---

Anyone else feel like skylights are secretly the hardest windows to keep clean? Like, they bring in *so* much lovely light, but then you notice all the grime building up and it‚Äôs‚Ä¶a whole thing. Especially if they‚Äôre plastic! You can‚Äôt just use any old cleaner without risking damage, which is super frustrating.

I stumbled across a really helpful article about cleaning plastic skylights and it totally cleared up a lot of my confusion. Apparently, avoiding abrasive cleaners is HUGE ‚Äì seriously, no scouring pads! It‚Äôs all about gentle soap, warm water, and a soft cloth or sponge. They also have a great section on dealing with stubborn things like tree sap or bird droppings (because, let‚Äôs be real, those happen).

The biggest takeaway for me was learning about the specific types of plastic skylights and how that impacts what you can use to clean them. Knowing whether you have acrylic or polycarbonate makes a difference! The article breaks it down really clearly, and even gives tips for preventing future build-up. 

Seriously, if you‚Äôve been putting off cleaning your skylights because you‚Äôre worried about messing them up, give this a read. It makes the whole process way less intimidating. What are your biggest cleaning struggles at home? Let me know!

[https://www.beacleaner.com/how-to-clean-plastic-skylights](https://www.beacleaner.com/how-to-clean-plastic-skylights)

---

**Suggested Tags (to add separately on Tumblr):** #cleaning #homeimprovement #skylights #cleaningtips #homemaintenance #organization #adulting #lifehacks #cleanhome #helpfularticle #plasticskylight #homecare



","beacleaner,clean,plastic,skylights",text,2025-05-26 12:39:14,2025-05-31 04:39:14,False,,
post_20250526_123914_039,https://www.beacleaner.com/how-to-clean-powder-coated-aluminium-window-frames,"Okay, here's a Tumblr post draft based on your guidelines, ready to copy and paste:

---

Anyone else feel like window cleaning is *always* the chore you put off until it‚Äôs REALLY necessary? Like, you can barely see outside levels of dirty? üòÖ I was staring at my aluminum window frames the other day and realized they weren‚Äôt just dusty, but kinda‚Ä¶dull. I was worried about scrubbing too hard and messing up the finish, you know?

Turns out, powder-coated aluminum is pretty durable, but it *does* need a little TLC. I found this really helpful article that breaks down exactly how to clean them without damaging the coating. Basically, gentle is key! Think warm soapy water, a soft brush, and avoiding harsh chemicals or abrasive cleaners. They even cover tackling things like tree sap and bird droppings (because, let‚Äôs be real, those are inevitable).

The biggest takeaway for me was understanding *why* certain cleaners are bad for powder coating ‚Äì apparently some can actually strip it away over time! And knowing the right way to dry them to avoid water spots is a game changer. Seriously, a little preventative care can keep your frames looking good for years.

So, if your windows are looking a little sad, give this a read! It‚Äôs a super straightforward guide. What are your biggest cleaning struggles? I‚Äôm always looking for tips!

[https://www.beacleaner.com/how-to-clean-powder-coated-aluminium-window-frames](https://www.beacleaner.com/how-to-clean-powder-coated-aluminium-window-frames)

---

**Suggested Tags (to add separately on Tumblr):**

#cleaning #homeimprovement #windowcleaning #aluminumwindows #powdercoating #hometips #cleaningtips #organization #adulting #home #maintenance #diy #cleanhome



**Notes:**

*","beacleaner,clean,powder,coated,aluminium",text,2025-05-26 12:39:14,2025-05-31 07:39:14,False,,
post_20250526_123914_040,https://www.beacleaner.com/how-to-clean-roof-valleys,"Okay, here's a Tumblr post draft based on the provided guidelines and the article link:

---

Okay, real talk: have you *ever* really looked at the valleys of your roof? Like, *really* looked? They‚Äôre kinda important, and honestly, they get SO clogged with leaves and debris. It‚Äôs easy to forget about them until you notice a leak, and then‚Ä¶ well, that‚Äôs a whole other level of stress.

I stumbled across a really helpful article about cleaning those roof valleys, and it broke down everything in a way that didn‚Äôt immediately make me want to hire someone (though, honestly, safety first!). Basically, keeping those areas clear is HUGE for preventing water damage, and it's not just about scooping leaves. It's about checking the flashing, understanding how water flows, and using the right tools. 

The article at Be A Cleaner goes into detail about everything from the best times to clean (avoid freezing temps!) to what kind of tools you can use without damaging your roof. They even talk about recognizing potential problems *before* they become expensive repairs. It‚Äôs a surprisingly thorough guide, and honestly, it made me feel a little more confident about tackling some basic home maintenance.

Seriously, a little preventative care can save you a TON of headaches (and money) down the road. Have you ever cleaned your roof valleys yourself? Or do you always call a pro? I'm curious to hear what everyone else does!

[https://www.beacleaner.com/how-to-clean-roof-valleys](https://www.beacleaner.com/how-to-clean-roof-valleys)

---

**Suggested Tags (to add separately on Tumblr):**

#homeimprovement #homemaintenance #roofcare #diy #cleaning #house #homeowner #preventativemaintenance #waterdamage #tipsandtricks #helpfularticle","beacleaner,clean,roof,valleys",text,2025-05-26 12:39:14,2025-05-31 10:39:14,False,,
post_20250526_123914_041,https://www.beacleaner.com/how-to-clean-rust-off-of-glass,"Okay, here's a Tumblr post draft based on your guidelines, aiming for that friendly, relatable vibe:

---

Anyone else find random rust spots appearing on glass things around the house? Like, a perfectly good vase or a shower door suddenly looking‚Ä¶sad? It always feels so weird, because *glass* is supposed to be impervious, right? But apparently not to the sneaky power of iron oxide! 

I stumbled across a really helpful article today about tackling this exact problem. It turns out you don‚Äôt need harsh chemicals to get rid of rust on glass ‚Äì things like lemon juice & salt, or even white vinegar, can work wonders. The key is gentle scrubbing and letting the acid do its thing. They also cover how to deal with *really* stubborn rust, and importantly, how to prevent it from coming back.

Honestly, I was surprised at how many simple household items can actually lift rust. The article breaks down the methods really clearly, and even explains *why* they work, which is always satisfying. It‚Äôs a total game changer for restoring old glass pieces or just keeping things looking their best.

So, if you‚Äôre staring at a rusty glass surface and feeling defeated, definitely check this out. Have you ever successfully removed rust from glass before? What worked for you? Let me know in the replies! üëá

[https://www.beacleaner.com/how-to-clean-rust-off-of-glass](https://www.beacleaner.com/how-to-clean-rust-off-of-glass)

---

**Suggested Tags (to add separately on Tumblr):**

#cleaning #rust #glasscleaning #homehacks #cleaningtips #diycleaning #homeimprovement #lifehacks #organization #declutter #vintage #restoration #cleaningmotivation #helpfularticle



**Notes on why this approach was taken:**

*   **Relatable Hook:** Starts with","beacleaner,clean,rust,glass",text,2025-05-26 12:39:14,2025-05-31 13:39:14,False,,
post_20250526_123914_042,https://www.beacleaner.com/how-to-clean-rv-windows,"Okay, here's a Tumblr post draft based on the provided guidelines and the linked article:

---

Anyone else feel like RV windows just‚Ä¶ *attract* grime? Seriously, it doesn‚Äôt matter how scenic the campsite, all I see is a film of road dust and bug splatters. It‚Äôs kinda depressing, honestly, because a clear view is half the fun of RVing!

I was just reading a really helpful article about getting those windows sparkling again, and it‚Äôs not as daunting as I thought. Apparently, regular car wash soap isn‚Äôt always the best (who knew?!), and there are some surprisingly effective DIY solutions you can whip up with stuff you probably already have. The biggest takeaway for me was learning about avoiding streaks ‚Äì apparently microfiber cloths are your *best* friend, and a final rinse with distilled water can make a huge difference.

The article breaks down everything from prepping the windows to dealing with stubborn spots, and even covers different window materials (because apparently not all RV windows are created equal!). It‚Äôs a really thorough guide, and honestly, it‚Äôs given me the motivation to finally tackle this chore this weekend. 

So, what are *your* biggest RV cleaning struggles? Is it windows, the roof, or something else entirely? Let me know in the replies ‚Äì maybe we can share tips!

[https://www.beacleaner.com/how-to-clean-rv-windows](https://www.beacleaner.com/how-to-clean-rv-windows)

---

**Suggested Tags (to add separately on Tumblr):**

#rvlife #rvcleaning #rvtips #camping #roadtrip #cleaninghacks #rvmaintenance #homeonwheels #travel #outdoorlife #cleaningtips #diycleaning #rvliving



**Notes:**

*   I aimed for a conversational tone, like sharing a tip with a friend.
*   The hook","beacleaner,clean,windows",text,2025-05-26 12:39:14,2025-05-31 16:39:14,False,,
post_20250526_123914_043,https://www.beacleaner.com/how-to-clean-salt-water-off-windows,"Okay, here's a Tumblr post draft based on your guidelines, ready to copy & paste:

---

Anyone else live near the ocean and feel like their windows are *constantly* battling a salty film? Seriously, it‚Äôs like a never-ending struggle. I used to just resign myself to hazy views, thinking it was inevitable, but turns out there‚Äôs a way to actually *win* against the salt spray!

I stumbled across this article that breaks down exactly how to clean salt water off windows without making a mess or scratching the glass. The biggest takeaway? Don‚Äôt just use water! Salt is corrosive, so plain water can actually make things worse. You need something to neutralize it, and the article goes into detail about vinegar, dish soap, and even specific window cleaning products that work best. 

It also covers how to deal with stubborn salt buildup and how often you should be cleaning depending on how close you are to the coast. Honestly, it‚Äôs a really practical guide, and I‚Äôm already planning my next window-washing session. No more squinting at blurry sunsets for me!

So, if you‚Äôre a coastal dweller dealing with this same issue, definitely give it a read. What are *your* biggest cleaning struggles when living near the water? Let me know in the replies!

[https://www.beacleaner.com/how-to-clean-salt-water-off-windows](https://www.beacleaner.com/how-to-clean-salt-water-off-windows)

---

**Suggested Tags (to add separately on Tumblr):** #cleaning #homecleaning #windowcleaning #saltwater #oceanlife #coastal living #hometips #cleaningtips #lifehacks #homeimprovement #cleaninghacks #tipsandtricks #beacleaner



","beacleaner,clean,salt,water,windows",text,2025-05-26 12:39:14,2025-05-31 19:39:14,False,,
post_20250526_123914_044,https://www.beacleaner.com/how-to-clean-salty-windows,"Okay, here's a Tumblr post draft based on the provided guidelines and the article link:

---

Anyone else live near the ocean (or just get *really* unlucky with road salt in the winter)? Seriously, those white streaks on your windows drive me nuts. It feels like no matter how much I wipe, they‚Äôre still there, looking all hazy and gross. 

I finally figured out why regular window cleaner wasn‚Äôt cutting it ‚Äì salt leaves behind a mineral residue! This article from Bea Cleaner breaks down exactly *how* that happens and, more importantly, how to actually get rid of it. Turns out vinegar is your friend, and a little bit of patience goes a long way. They recommend a specific order for cleaning (rinse, vinegar solution, then your regular cleaner) that makes a HUGE difference.

Honestly, I tried their method this weekend and my windows are legitimately clearer than they‚Äôve been in months. It‚Äôs not a magical instant fix, but it‚Äôs way more effective than just scrubbing away. Plus, knowing *why* it works makes me feel less frustrated when I‚Äôm tackling the mess.

So, if you're battling salty window woes, definitely give this a read. What are *your* biggest cleaning struggles? I'm always looking for new tips and tricks!

[https://www.beacleaner.com/how-to-clean-salty-windows](https://www.beacleaner.com/how-to-clean-salty-windows)

---

**Suggested Tags (to add separately on Tumblr):**

#cleaning #windowcleaning #saltstains #homehacks #cleaningtips #oceanlife #wintercleaning #lifehacks #homeimprovement #beacleaner #cleaningmotivation #tipsandtricks #cleanhome



**Notes on why this fits the guidelines:**

*   **Conversational & Authentic:** The tone is friendly and relatable","beacleaner,clean,salty,windows",text,2025-05-26 12:39:14,2025-05-31 22:39:14,False,,
post_20250526_123914_045,https://www.beacleaner.com/how-to-clean-shingle-marks-off-siding,"Okay, here's a Tumblr post draft based on the provided URL and guidelines:

---

Anyone else notice those weird dark streaks on the side of their house after a roof cleaning or just from rain runoff? Seriously, they look like someone took a marker to your siding and it‚Äôs SO frustrating. I spent way too long thinking it was just‚Ä¶dirt, and scrubbing at it wasn‚Äôt doing a thing.

Turns out those are actually shingle granule marks ‚Äì little bits of your roof shingles washing down! The good news is, you *can* get rid of them. I just read a really helpful article that breaks down exactly how to do it without damaging your siding. It basically comes down to gentle cleaning solutions (think dish soap and water, or a dedicated siding cleaner) and a soft brush. Avoid anything abrasive!

The article at Be A Cleaner really emphasizes patience and testing a small area first, which is HUGE. It also covers different siding materials and what works best for each, which is super useful because vinyl definitely needs a different approach than wood. They even talk about preventing it in the first place!

Honestly, knowing *what* it is and *how* to tackle it makes a world of difference. Anyone else dealt with this before? What‚Äôs worked (or *not* worked) for you? Let‚Äôs share tips!

[https://www.beacleaner.com/how-to-clean-shingle-marks-off-siding](https://www.beacleaner.com/how-to-clean-shingle-marks-off-siding)

---

**Suggested Tags (to add separately on Tumblr):**

#homeimprovement #cleaningtips #siding #housemaintenance #homeowner #diy #cleaninghacks #exteriorcleaning #beacleaner #homecare #asktumblr #helpme #cleaningadvice



**Notes:**

*   The tone is conversational and friendly.","beacleaner,clean,shingle,marks,siding",text,2025-05-26 12:39:14,2025-06-01 01:39:14,False,,
post_20250526_123914_046,https://www.beacleaner.com/how-to-clean-silicone-caulk-from-glass,"Okay, here's a Tumblr post draft based on your guidelines, ready to copy & paste:

---

Anyone else feel like silicone caulk is the *bane* of their existence when you're trying to get a clean, finished look? Seriously, it's great at sealing things, but a nightmare to remove if you get it where it shouldn't be ‚Äì especially on glass! I spent way too long scrubbing at some stubborn bits after a recent bathroom refresh and was feeling defeated.

Luckily, I stumbled across a really helpful article that broke down exactly how to get rid of silicone caulk from glass *without* totally destroying your sanity (or scratching the glass!). Apparently, things like a plastic scraper, rubbing alcohol, and even just patience are your best friends. It's all about softening the caulk and gently working it away.

The article goes into detail about different methods depending on how fresh the caulk is, and even covers what *not* to do (looking at you, abrasive cleaners!). It‚Äôs a lifesaver if you‚Äôre dealing with messy caulk lines or just need to redo a section. Honestly, it saved me a trip to the hardware store for a specialized remover.

So, if you've ever battled with this stuff, or are planning a tiling/sealing project, definitely check it out. What are *your* biggest cleaning struggles? I need to know I'm not alone in this!

[https://www.beacleaner.com/how-to-clean-silicone-caulk-from-glass](https://www.beacleaner.com/how-to-clean-silicone-caulk-from-glass)

---

**Suggested Tags (to add separately on Tumblr):**

#cleaning #homeimprovement #diy #bathroom #kitchen #siliconecaulk #cleaningtips #hometips #lifehacks #organization #cleaninghacks","beacleaner,clean,silicone,caulk,from",text,2025-05-26 12:39:14,2025-06-01 04:39:14,False,,
post_20250526_123914_047,https://www.beacleaner.com/how-to-clean-silicone-off-of-glass,"Okay, here's a Tumblr post draft based on your guidelines, ready to copy & paste:

---

Anyone else obsessed with silicone baking mats and spatulas‚Ä¶ only to then *panic* when they get stuck to your glass dishes? Seriously, it looks like a disaster, and you‚Äôre immediately worried about scratching everything trying to pry it off. I felt personally attacked by this problem last week.

Luckily, I stumbled across a really helpful article that saved my favorite Pyrex. It turns out you *don't* need to resort to aggressive scrubbing! The key is heat and a little patience. Apparently, warming up the glass (even just with warm water) makes the silicone much more pliable and easier to peel away. 

The article breaks down a few different methods, including using warm soapy water, or even a hairdryer on low. It also covers what *not* to do (looking at you, metal utensils!). Honestly, it‚Äôs a super quick read and gives you a lot of confidence to tackle those sticky situations without causing damage.

Seriously, save yourself the stress and check it out if you‚Äôre a frequent baker or just prone to silicone mishaps. What‚Äôs the most frustrating cleaning challenge *you‚Äôve* faced in the kitchen lately? Let me know!

[https://www.beacleaner.com/how-to-clean-silicone-off-of-glass](https://www.beacleaner.com/how-to-clean-silicone-off-of-glass)

---

**Suggested Tags (to add separately on Tumblr):** #cleaningtips #kitchenhacks #silicone #glass #baking #homehacks #cleaning #lifehacks #helpful #tipsandtricks #kitchencleaning #organizedhome



","beacleaner,clean,silicone,glass",text,2025-05-26 12:39:14,2025-06-01 07:39:14,False,,
post_20250526_123914_048,https://www.beacleaner.com/how-to-clean-skylight-windows,"Okay, here's a Tumblr post draft based on the provided guidelines and the article link:

---

Anyone else feel like skylights are the unsung heroes of a room? They bring in *so* much light, but then‚Ä¶ you actually *notice* how dirty they get. It‚Äôs like, suddenly all the dust and bird droppings are glaring down at you. üòÖ I used to just avoid looking up, honestly.

But seriously, cleaning them felt‚Ä¶intimidating. I always worried about getting up there safely and not scratching the glass. Turns out, there's a right way to do it! This article breaks down everything from choosing the right cleaning solution (vinegar is your friend!) to the best tools for reaching those tricky spots. 

It covers both interior *and* exterior cleaning, which is huge, and gives really clear advice on safety ‚Äì seriously, don‚Äôt skip that part! They even talk about dealing with stubborn things like tree sap and hard water stains. Basically, it takes the mystery (and the fear) out of getting your skylights sparkling again.

So, if you've been putting off cleaning those beautiful windows above, give this a read. It might just change your perspective (literally!). What are your biggest cleaning struggles at home? I'm always looking for new tips!

[https://www.beacleaner.com/how-to-clean-skylight-windows](https://www.beacleaner.com/how-to-clean-skylight-windows)

---

**Suggested Tags (to add separately on Tumblr):** #cleaning #homeimprovement #skylights #cleaningtips #homemaintenance #diy #organization #cleanhome #adulting #helpfularticle #homehacks



","beacleaner,clean,skylight,windows",text,2025-05-26 12:39:14,2025-06-01 10:39:14,False,,
post_20250526_123914_049,https://www.beacleaner.com/how-to-clean-skylights-outside,"Okay, here's a Tumblr post draft based on the provided guidelines and the article URL:

---

Anyone else completely forget about the *outside* of their windows until the grime is just‚Ä¶ glaring? Seriously, I was staring up at my skylights the other day and realized they hadn‚Äôt been touched in ages. It‚Äôs one of those things that feels kinda daunting, right? Like, how do you even *reach* those things safely, let alone get them sparkling clean?

Well, I did some digging and found a really helpful guide on cleaning skylights from the outside. It breaks down everything from choosing the right cleaning solution (apparently vinegar is your friend!) to the best tools for the job, depending on how high up they are. They really emphasize safety, which is HUGE ‚Äì no leaning out windows, please! 

The article covers a bunch of stuff, like how to deal with different types of skylight glass, removing stubborn dirt and mildew, and even preventative measures to keep them cleaner for longer. Honestly, it made the whole process seem way less intimidating. It's not just about making them look nice, either ‚Äì clean skylights let in SO much more light!

So, if your skylights are looking a little sad, definitely check it out. Anyone tackled this before? Any tips or tricks you‚Äôve learned along the way? I'm planning on giving mine a good scrub this weekend and could use all the encouragement!

[https://www.beacleaner.com/how-to-clean-skylights-outside](https://www.beacleaner.com/how-to-clean-skylights-outside)

---

**Suggested Tags (to add separately on Tumblr):**

#cleaning #homeimprovement #skylights #windowcleaning #diy #homemaintenance #cleaningtips #springcleaning #organization #home #adulting #helpfulguide #cleanhome



","beacleaner,clean,skylights,outside",text,2025-05-26 12:39:14,2025-06-01 13:39:14,False,,
post_20250526_123914_050,https://www.beacleaner.com/how-to-clean-skylights,"Okay, here's a Tumblr post draft based on the provided guidelines and the article link:

---

Anyone else feel like skylights are secretly the hardest windows to keep clean? Like, they bring in *so* much lovely light, but then you notice all the grime and bird‚Ä¶stuff‚Ä¶and suddenly it‚Äôs a whole project. I always put it off, honestly.

But I just read a really helpful article about actually tackling skylight cleaning, and it broke down everything in a way that didn‚Äôt feel super intimidating. Apparently, safety is HUGE (duh, heights!), and using the right tools ‚Äì think extension poles and squeegees ‚Äì makes a massive difference. They also had some great tips on dealing with different types of buildup, from dust to pollen to, yep, bird droppings.

The biggest takeaway for me was learning *not* to just climb up there! Seriously, the article stresses using ground-based methods whenever possible. And knowing the best cleaning solutions (mild soap and water is often best!) can prevent damage. It‚Äôs all about being smart and careful.

So, if you‚Äôve been avoiding your skylights like I have, maybe give this a read? It might actually make the whole thing feel doable. What are your biggest cleaning struggles? I need to know I‚Äôm not alone!

[https://www.beacleaner.com/how-to-clean-skylights](https://www.beacleaner.com/how-to-clean-skylights)

---

**Suggested Tags (to add separately on Tumblr):**

#cleaning #homeimprovement #skylights #cleaningtips #homemaintenance #adulting #cleaninghacks #housecleaning #diy #home #organization #cleanhome #helpfularticle #springcleaning (adjust based on current season/trends)



","beacleaner,clean,skylights",text,2025-05-26 12:39:14,2025-06-01 16:39:14,False,,
